{
  "Prescreening Page Request" : {
    "transaction" : "Prescreening Page Request",
    "sampleCount" : 1,
    "errorCount" : 1,
    "errorPct" : 100.0,
    "meanResTime" : 97.0,
    "medianResTime" : 97.0,
    "minResTime" : 97.0,
    "maxResTime" : 97.0,
    "pct1ResTime" : 97.0,
    "pct2ResTime" : 97.0,
    "pct3ResTime" : 97.0,
    "throughput" : 10.309278350515465,
    "receivedKBytesPerSec" : 2.818943298969072,
    "sentKBytesPerSec" : 4.772068298969072
  },
  "Logout Request" : {
    "transaction" : "Logout Request",
    "sampleCount" : 1,
    "errorCount" : 0,
    "errorPct" : 0.0,
    "meanResTime" : 336.0,
    "medianResTime" : 336.0,
    "minResTime" : 336.0,
    "maxResTime" : 336.0,
    "pct1ResTime" : 336.0,
    "pct2ResTime" : 336.0,
    "pct3ResTime" : 336.0,
    "throughput" : 2.976190476190476,
    "receivedKBytesPerSec" : 3.4906296502976186,
    "sentKBytesPerSec" : 1.1364164806547619
  },
  "Total" : {
    "transaction" : "Total",
    "sampleCount" : 3,
    "errorCount" : 1,
    "errorPct" : 33.333332,
    "meanResTime" : 455.3333333333333,
    "medianResTime" : 336.0,
    "minResTime" : 97.0,
    "maxResTime" : 933.0,
    "pct1ResTime" : 933.0,
    "pct2ResTime" : 933.0,
    "pct3ResTime" : 933.0,
    "throughput" : 2.1849963583394025,
    "receivedKBytesPerSec" : 34.8077317006555,
    "sentKBytesPerSec" : 0.867739439184268
  },
  "Login Request" : {
    "transaction" : "Login Request",
    "sampleCount" : 1,
    "errorCount" : 0,
    "errorPct" : 0.0,
    "meanResTime" : 933.0,
    "medianResTime" : 933.0,
    "minResTime" : 933.0,
    "maxResTime" : 933.0,
    "pct1ResTime" : 933.0,
    "pct2ResTime" : 933.0,
    "pct3ResTime" : 933.0,
    "throughput" : 1.0718113612004287,
    "receivedKBytesPerSec" : 49.672804461414785,
    "sentKBytesPerSec" : 0.37157522775991425
  }
}